user_id,display_name,password,bio
11,Tommy,123456,tommy <3
21,Fred,999123,diemercury
31,John,chelsea,i am a defender
41,Ben,123456,spider-men's uncle
51,Glenn,murray9,okay person
61,Jerry,iamamouse,tom and jerry
71,Raja,6726221,database class
81,xavier,230299,student of a class
91,Henry,112233,a cool name
101,messi's fan,101010,messi's biggest fan
12,Hank,forestgump,nice movie
22,Ronaldo,manunited,ronaldo is a joke
32,Steve,123456,best captain
42,Suarez,123456,best striker
52,Derek,messithebest,sports goods
62,Lillian,golillygo,shop at pearlify!
72,sinB,s0litare2021,vintage clothes for everyone
82,Marilyn,g0f1sh,best restaurant in NYC